{
  "input_shape": [
    60,
    12
  ],
  "epochs_trained": 5,
  "final_train_loss": 0.01765774004161358,
  "final_val_loss": 0.015374106355011463
}