{
  "input_shape": [
    60,
    12
  ],
  "epochs_trained": 5,
  "final_train_loss": 0.016223199665546417,
  "final_val_loss": 0.008282927796244621
}