{
  "input_shape": [
    60,
    12
  ],
  "epochs_trained": 5,
  "final_train_loss": 0.01954614371061325,
  "final_val_loss": 0.015529405325651169
}