{
  "input_shape": [
    60,
    12
  ],
  "epochs_trained": 5,
  "final_train_loss": 0.018513988703489304,
  "final_val_loss": 0.016762057319283485
}