{
  "input_shape": [
    60,
    12
  ],
  "epochs_trained": 5,
  "final_train_loss": 0.022837374359369278,
  "final_val_loss": 0.015511018224060535
}