{
  "input_shape": [
    20,
    9
  ],
  "epochs_trained": 11,
  "final_train_loss": 0.015417076647281647,
  "final_val_loss": 0.008208882063627243
}