{
  "input_shape": [
    60,
    12
  ],
  "epochs_trained": 50,
  "final_train_loss": 0.007031327113509178,
  "final_val_loss": 0.009752997197210789
}