{
  "input_shape": [
    60,
    12
  ],
  "epochs_trained": 37,
  "final_train_loss": 0.007976224645972252,
  "final_val_loss": 0.0069941370747983456
}